{"cameraMode":{"drawMode":0,"name":"Shaded","section":"Shading Mode"},"sceneLighting":false,"audioPlay":false,"sceneViewState":{"showFog":true,"showMaterialUpdate":false,"showSkybox":true,"showFlares":true,"showImageEffects":true,"showParticleSystems":true},"in2DMode":false,"pivot":{"x":0.246645987033844,"y":0.9704184532165527,"z":-4.008370399475098},"rotation":{"x":-0.10778706520795822,"y":-0.07538523524999619,"z":0.008197065442800522,"w":-0.9912778735160828},"size":12.822859764099121,"orthographic":false}